order_id,customer_id,amount,country,created_at
ORD00001,CUST0039,366.22,France,2025-11-22
ORD00002,CUST0006,415.56, spain,2025-10-11
ORD00003,CUST0013,27.68,Wales,2026-04-29
ORD00004,CUST0015,142.6,ireland ,2025-10-02
ORD00005,CUST0023,137.15,UK ,2025-09-08
ORD00006,CUST0011,85.88,Spain,2026-02-10
ORD00007,CUST0045,343.88,Spain,2026-07-26
ORD00008,CUST0021,37.76,germany ,2025-11-06
ORD00009,CUST0042,442.92,germany ,2025-09-28
ORD00010,CUST0016,374.77,wales ,2026-01-16
ORD00011,CUST0015,249.29,UK ,2026-07-30
ORD00012,CUST0011,300.22,wales ,2026-02-07
ORD00013,CUST0034,431.09, France ,2026-08-18
ORD00014,CUST0035,173.39, France ,2026-03-26
ORD00015,CUST0047,486.08,wales ,2026-05-24
ORD00016,CUST0041,256.29, France ,2026-05-14
,CUST0035,301.48,Spain,2025-12-16
ORD00018,CUST0020,124.23,United Kingdom,2025-11-06
ORD00019,CUST0032,384.09, IRELAND,2026-06-19
ORD00020,CUST0011,436.85, France ,2026-01-19
ORD00021,CUST0049,357.91,Wales,2026-01-31
ORD00022,CUST0029,, spain,2026-04-30
ORD00023,CUST0036,114.01,UK ,2026-07-18
ORD00024,CUST0005,40.07,ireland ,2026-04-24
ORD00025,CUST0035,468.08,UK ,2025-11-04
ORD00026,CUST0031,51.69,Germany,2025-09-20
ORD00027,CUST0030,338.32,Wales,2025-09-27
ORD00028,CUST0022,99.84,Ireland,2025-11-22
ORD00029,CUST0018,437.87,Germany,2026-07-16
ORD00030,CUST0036,327.81,Ireland,2025-11-20
ORD00031,CUST0049,206.17,United Kingdom,2025-12-20
ORD00032,CUST0004,6.07,united kingdom,2026-02-05
ORD00033,CUST0030,349.81,france,2025-11-12
ORD00034,CUST0013,484.51,France,2025-10-31
ORD00035,CUST0021,294.17,Ireland,2025-12-09
ORD00036,CUST0004,426.41,Spain,2026-07-19
ORD00037,CUST0016,471.09,Germany,2025-11-05
ORD00038,CUST0040,330.4,ireland ,2025-11-07
ORD00039,CUST0014,123.15,wales ,2026-02-02
ORD00040,CUST0030,9.61,France,2025-10-09
ORD00041,CUST0005,255.41,Spain,2026-06-17
ORD00042,CUST0016,83.08,france,2025-11-18
ORD00043,CUST0042,335.59,Spain,2025-11-13
ORD00044,CUST0009,445.41,France,2025-11-13
ORD00045,CUST0014,105.78,wales ,2025-10-03
ORD00046,CUST0017,318.97,Ireland,2026-04-04
ORD00047,CUST0009,84.98,wales ,2026-01-09
ORD00048,CUST0001,472.8,Ireland,2025-09-04
ORD00049,CUST0024,217.74,Spain,2026-08-02
ORD00050,CUST0003,342.62,France,2025-09-16
ORD00051,CUST0027,463.25,Spain,2026-04-24
ORD00052,CUST0012,93.78,Germany,2026-03-06
ORD00053,CUST0043,137.07,Wales,2025-08-29
ORD00054,CUST0031,409.21,United Kingdom,2025-12-31
ORD00055,CUST0015,331.72,United Kingdom,2026-01-31
ORD00056,CUST0050,322.53,france,2026-01-31
ORD00057,CUST0022,439.13,Ireland,2026-04-12
ORD00058,CUST0017,300.3,Ireland,2026-02-28
ORD00059,CUST0039,195.67,Spain,2025-11-01
ORD00060,CUST0028,463.16, IRELAND,2025-11-21
ORD00061,CUST0048,185.29,Wales,2026-07-19
ORD00062,CUST0040,424.77, France ,2026-03-23
ORD00063,CUST0021,279.43,germany ,2026-05-17
ORD00064,CUST0044,309.68,Wales,2026-03-22
ORD00065,CUST0020,217.79,France,2025-10-31
ORD00066,CUST0029,258.03,Germany,2026-05-29
ORD00067,CUST0043,51.23,wales ,2026-04-25
ORD00068,CUST0013,27.88,United Kingdom,2025-12-23
ORD00069,CUST0030,360.58,Germany,2026-02-08
ORD00070,CUST0042,446.87,Wales,2026-06-30
ORD00071,CUST0045,29.86, spain,2026-04-18
ORD00072,CUST0009,475.27,germany ,2026-01-09
ORD00073,CUST0033,449.12,germany ,2025-12-23
ORD00074,CUST0041,244.88, France ,2026-04-23
ORD00075,CUST0019,171.24,united kingdom,2025-11-20
ORD00076,CUST0025,354.68,Wales,2026-07-22
ORD00077,CUST0030,107.38,Germany,2026-01-20
ORD00078,CUST0045,193.29, IRELAND,2026-08-20
ORD00079,CUST0025,,Germany,2026-04-06
ORD00080,CUST0022,363.47,wales ,2025-12-27
ORD00081,CUST0035,297.99,ireland ,2025-09-18
ORD00082,CUST0009,29.89,Germany,2026-02-10
ORD00083,CUST0022,377.24,germany ,2026-01-20
ORD00084,CUST0002,499.95,Wales,2026-02-25
ORD00085,CUST0042,475.06,Ireland,2026-05-13
ORD00086,CUST0016,336.38,united kingdom,2025-11-08
ORD00087,CUST0017,304.92,France,2026-06-26
ORD00088,CUST0020,17.71, IRELAND,2026-03-17
ORD00089,CUST0025,42.62,Germany,2025-09-04
ORD00090,CUST0045,302.2, France ,2026-06-23
ORD00091,CUST0003,217.05, France ,2026-02-15
ORD00092,CUST0001,57.24,germany ,2026-02-19
ORD00093,CUST0046,92.19,united kingdom,2025-11-29
ORD00094,CUST0035,220.61,germany ,2025-10-24
ORD00095,CUST0006,125.71,france,2025-12-29
ORD00096,CUST0022,426.22,ireland ,2026-05-22
ORD00097,CUST0017,440.76,france,2025-08-29
ORD00098,CUST0034,124.47,United Kingdom,2026-01-27
ORD00099,CUST0045,226.85,germany ,2026-08-15
ORD00100,CUST0045,333.66,united kingdom,2026-02-16
ORD00101,CUST0028,179.15,wales ,2026-01-03
ORD00102,CUST0008,161.2,Wales,2025-11-22
ORD00103,CUST0013,244.68,UK ,2025-10-26
ORD00104,CUST0019,,Ireland,2026-02-20
ORD00105,CUST0035,27.53,united kingdom,2026-07-27
ORD00106,CUST0009,55.78,wales ,2026-08-17
ORD00107,CUST0029,482.92,France,2026-04-16
ORD00108,CUST0005,41.67,germany ,2025-10-05
ORD00109,CUST0037,496.99,France,2026-06-24
ORD00110,CUST0039,388.97,Spain,2026-02-10
ORD00111,CUST0038,286.47,germany ,2026-07-24
ORD00112,CUST0049,109.46,UK ,2025-09-19
ORD00113,CUST0036,6.32,Ireland,2026-01-05
ORD00114,CUST0003,354.94,united kingdom,2025-08-29
ORD00115,CUST0015,296.95, France ,2026-05-14
ORD00116,CUST0042,414.18,united kingdom,2026-07-18
ORD00117,CUST0039,222.38,wales ,2025-12-27
ORD00118,CUST0018,221.69, spain,2025-10-21
ORD00119,CUST0021,17.8, spain,2026-04-28
ORD00120,CUST0037,499.79,Spain,2025-09-13
ORD00121,CUST0049,261.89,united kingdom,2026-01-09
ORD00122,CUST0038,484.68,germany ,2025-12-26
ORD00123,CUST0043,168.25,Ireland,2025-09-02
ORD00124,CUST0026,230.14,Spain,2026-03-15
ORD00125,CUST0050,330.54,Germany,2025-11-19
ORD00126,CUST0034,379.44, France ,2025-10-07
ORD00127,CUST0018,464.2,Spain,2026-01-11
ORD00128,CUST0002,356.34,Wales,2026-03-17
ORD00129,CUST0006,233.42,United Kingdom,2026-06-24
ORD00130,CUST0046,354.18, France ,2026-01-23
ORD00131,CUST0016,194.88,Germany,2025-10-21
ORD00132,CUST0005,,france,2025-12-07
ORD00133,CUST0047,292.06, France ,2025-09-20
ORD00134,CUST0035,169.56,germany ,2025-11-18
ORD00135,CUST0013,288.04,Wales,2026-04-26
ORD00136,CUST0021,354.09,wales ,2026-02-09
ORD00137,CUST0042,482.59,united kingdom,2026-06-20
,CUST0007,265.35,Germany,2026-01-02
ORD00139,CUST0042,237.4,United Kingdom,2026-04-10
ORD00140,CUST0042,426.91,ireland ,2025-11-23
ORD00141,CUST0046,310.64,Germany,2026-04-25
ORD00142,CUST0015,219.82,Wales,2026-07-04
ORD00143,CUST0007,348.53,Germany,2026-08-09
ORD00144,CUST0019,218.19,france,2026-04-20
ORD00145,CUST0012,44.09,United Kingdom,2026-02-09
ORD00146,CUST0038,233.27,United Kingdom,2026-04-15
ORD00147,CUST0030,275.57, France ,2026-07-17
ORD00148,CUST0038,481.2, France ,2025-09-04
ORD00149,CUST0013,57.79,germany ,2026-02-09
ORD00150,CUST0045,,France,2025-09-20
ORD00151,CUST0044,455.76,Wales,2025-12-12
ORD00152,CUST0050,401.96,UK ,2026-05-03
ORD00153,CUST0044,315.98,Wales,2025-10-06
ORD00154,CUST0029,185.61, IRELAND,2026-06-17
ORD00155,CUST0048,104.39,Germany,2025-11-20
ORD00156,CUST0033,132.2,France,2025-12-20
ORD00157,CUST0022,481.63,ireland ,2026-06-12
ORD00158,CUST0044,483.8,wales ,2025-11-11
ORD00159,CUST0001,66.18, France ,2026-02-16
ORD00160,CUST0038,58.63,germany ,2026-04-26
ORD00161,CUST0036,114.58, France ,2026-07-22
ORD00162,CUST0045,207.11, France ,2026-06-13
ORD00163,CUST0032,121.23,Ireland,2025-11-21
ORD00164,CUST0043,295.73,wales ,2026-06-05
ORD00165,CUST0032,469.83, spain,2026-04-02
ORD00166,CUST0029,428.45,Germany,2026-07-04
ORD00167,CUST0042,202.08,France,2026-05-18
ORD00168,CUST0030,, IRELAND,2025-09-30
ORD00169,CUST0022,394.55,United Kingdom,2026-05-10
ORD00170,CUST0014,407.46,Spain,2026-04-26
ORD00171,CUST0039,429.91,ireland ,2026-06-10
,CUST0012,433.89, IRELAND,2026-06-17
ORD00173,CUST0016,12.81, spain,2026-04-10
ORD00174,CUST0034,36.46, IRELAND,2026-01-06
ORD00175,CUST0007,472.98,Germany,2026-08-01
ORD00176,CUST0043,231.73, spain,2026-08-08
ORD00177,CUST0026,247.68,Germany,2026-01-08
ORD00178,CUST0039,67.46,United Kingdom,2025-10-08
ORD00179,CUST0021,229.59,germany ,2025-10-18
ORD00180,CUST0008,217.88,Wales,2026-04-29
ORD00181,CUST0026,159.71,Germany,2026-03-16
ORD00182,CUST0010,38.23,wales ,2026-07-11
ORD00183,CUST0048,280.4,France,2025-10-27
ORD00184,CUST0043,180.03,ireland ,2025-09-17
ORD00185,CUST0047,302.2,ireland ,2026-02-24
ORD00186,CUST0010,116.0,wales ,2026-06-29
ORD00187,CUST0008,116.95, France ,2026-01-16
ORD00188,CUST0040,306.45,Spain,2025-09-21
ORD00189,CUST0012,382.39, France ,2026-03-03
ORD00190,CUST0010,39.44, spain,2025-10-03
ORD00191,CUST0034,212.82,united kingdom,2026-03-02
ORD00192,CUST0021,442.25,Spain,2026-06-05
ORD00193,CUST0044,224.34,ireland ,2026-01-18
ORD00194,CUST0018,61.34,UK ,2026-01-15
ORD00195,CUST0038,27.48,germany ,2026-02-02
ORD00196,CUST0014,384.84,France,2026-04-15
ORD00197,CUST0032,91.97,wales ,2026-02-10
ORD00198,CUST0036,40.68,wales ,2026-08-02
ORD00199,CUST0005,217.5, France ,2026-01-28
ORD00200,CUST0008,483.27,Germany,2026-05-28
ORD00201,CUST0045,221.17,France,2026-06-30
ORD00202,CUST0034,435.91,ireland ,2026-03-03
ORD00203,CUST0005,267.65,Spain,2026-05-16
ORD00204,CUST0047,121.95,Wales,2026-06-10
ORD00205,CUST0010,92.69,Wales,2025-10-06
ORD00206,CUST0049,342.16, spain,2025-11-07
ORD00207,CUST0021,79.72,wales ,2026-07-20
ORD00208,CUST0018,179.21,Spain,2026-07-17
ORD00209,CUST0004,42.98,france,2026-07-08
ORD00210,CUST0030,227.62,Spain,2025-11-04
ORD00211,CUST0031,479.07,Spain,2026-01-05
ORD00212,CUST0022,254.75,Wales,2026-05-27
ORD00213,CUST0029,185.13,Spain,2026-04-01
ORD00214,CUST0044,395.67,Spain,2025-09-26
ORD00215,CUST0036,145.65,wales ,2025-09-21
ORD00216,CUST0010,293.46,France,2026-06-12
ORD00217,CUST0042,68.83,wales ,2025-08-26
ORD00218,CUST0025,407.53,wales ,2025-09-14
ORD00219,CUST0044,,Spain,2026-01-19
ORD00220,CUST0020,174.16,United Kingdom,2025-12-18
ORD00221,CUST0010,422.99,ireland ,2026-07-03
ORD00222,CUST0048,332.65,Spain,2025-10-11
ORD00223,CUST0011,386.69,UK ,2026-05-31
ORD00224,CUST0024,484.95,Wales,2025-10-15
ORD00225,CUST0029,123.39,UK ,2025-12-26
ORD00226,CUST0044,233.53, spain,2026-04-01
ORD00227,CUST0027,401.62,United Kingdom,2026-06-14
ORD00228,CUST0031,467.48, France ,2025-08-24
ORD00229,CUST0019,140.03,Ireland,2025-12-04
ORD00230,CUST0015,465.58,germany ,2026-01-23
ORD00231,CUST0016,190.58,Germany,2026-08-09
ORD00232,CUST0046,396.73,wales ,2026-06-14
ORD00233,CUST0031,,Wales,2025-12-26
ORD00234,CUST0006,111.75,ireland ,2026-06-08
ORD00235,CUST0034,389.21,Germany,2026-04-24
ORD00236,CUST0027,,wales ,2025-12-11
ORD00237,CUST0033,360.68,Spain,2026-03-27
ORD00238,CUST0016,97.72, spain,2025-09-15
ORD00239,CUST0005,198.27,Spain,2025-12-26
ORD00240,CUST0024,13.04, France ,2026-07-20
ORD00241,CUST0041,368.92, IRELAND,2026-03-06
ORD00242,CUST0022,416.04,Wales,2025-09-07
ORD00243,CUST0041,36.23,United Kingdom,2026-01-01
ORD00244,CUST0013,467.02,ireland ,2025-12-03
ORD00245,CUST0031,377.88,France,2026-05-18
ORD00246,CUST0004,140.24,wales ,2026-02-16
ORD00247,CUST0029,486.99,germany ,2025-12-12
ORD00248,CUST0034,364.91,France,2026-07-14
ORD00249,CUST0012,164.0, spain,2026-07-14
ORD00250,CUST0029,87.49, spain,2026-01-08
ORD00251,CUST0023,140.9, spain,2026-07-25
ORD00252,CUST0024,476.63,Spain,2026-06-11
ORD00253,CUST0029,38.28,Ireland,2025-09-27
ORD00254,CUST0037,80.95, IRELAND,2026-01-05
ORD00255,CUST0049,73.16, IRELAND,2026-02-17
ORD00256,CUST0016,369.16,Ireland,2025-12-11
ORD00257,CUST0008,353.5,france,2026-05-06
ORD00258,CUST0032,72.19,United Kingdom,2026-07-17
ORD00259,CUST0029,483.94, IRELAND,2026-03-13
ORD00260,CUST0036,446.21, spain,2026-06-04
ORD00261,CUST0041,256.83,united kingdom,2026-06-22
ORD00262,CUST0016,183.64,Germany,2025-11-03
ORD00263,CUST0036,442.7,UK ,2026-07-21
ORD00264,CUST0047,385.74,germany ,2025-11-02
ORD00265,CUST0042,235.59,ireland ,2025-12-02
ORD00266,CUST0050,385.05,Spain,2026-06-18
ORD00267,CUST0004,80.74, IRELAND,2026-05-31
ORD00268,CUST0015,447.99, France ,2026-07-14
ORD00269,CUST0036,314.39,France,2025-10-13
ORD00270,CUST0011,89.74,Spain,2025-10-08
ORD00271,CUST0037,45.21,Ireland,2025-09-29
ORD00272,CUST0014,310.96, spain,2026-08-08
ORD00273,CUST0019,244.06,wales ,2025-09-07
ORD00274,CUST0045,222.6,Ireland,2025-12-19
ORD00275,CUST0010,163.06, France ,2026-02-28
ORD00276,CUST0024,162.96,Spain,2025-12-28
ORD00277,CUST0010,148.65,Ireland,2026-02-08
ORD00278,CUST0011,361.96, France ,2026-05-18
ORD00279,CUST0033,440.14,germany ,2025-12-12
ORD00280,CUST0033,111.5,Germany,2026-02-24
ORD00281,CUST0039,146.45,wales ,2026-08-19
ORD00282,CUST0017,383.11,wales ,2026-02-17
ORD00283,CUST0036,278.85,united kingdom,2026-07-17
ORD00284,CUST0036,341.8, France ,2026-06-24
ORD00285,CUST0024,469.78, France ,2026-06-11
ORD00286,CUST0033,24.26,Ireland,2025-08-23
ORD00287,CUST0030,447.1,UK ,2026-06-13
ORD00288,CUST0011,298.89,germany ,2025-12-07
ORD00289,CUST0046,240.07, spain,2026-08-15
ORD00290,CUST0027,399.39, spain,2025-09-05
ORD00291,CUST0017,362.09,Wales,2025-10-29
ORD00292,CUST0047,78.15, spain,2025-09-09
ORD00293,CUST0045,14.37,Ireland,2026-03-16
ORD00294,CUST0014,437.04,germany ,2026-07-23
ORD00295,CUST0036,241.79, France ,2026-02-12
ORD00296,CUST0035,180.37, France ,2025-09-09
ORD00297,CUST0040,478.88,Germany,2026-04-03
ORD00298,CUST0020,107.6, France ,2025-08-28
ORD00299,CUST0036,147.46,wales ,2025-11-03
ORD00300,CUST0026,148.77,France,2026-03-29
ORD00301,CUST0029,374.93,wales ,2026-05-06
ORD00302,CUST0036,72.95,wales ,2025-10-12
ORD00303,CUST0004,320.78,Wales,2026-07-28
ORD00304,CUST0031,386.53, IRELAND,2026-08-21
ORD00305,CUST0011,241.34,germany ,2026-05-13
ORD00306,CUST0019,454.43,Wales,2026-07-09
ORD00307,CUST0048,457.05,Wales,2026-05-26
ORD00308,CUST0003,,germany ,2026-03-28
ORD00309,CUST0037,464.59,Spain,2026-03-05
ORD00310,CUST0035,445.18, spain,2026-06-16
ORD00311,CUST0013,85.43,ireland ,2026-01-01
ORD00312,CUST0001,396.43,wales ,2025-11-06
ORD00313,CUST0040,414.36,wales ,2025-12-03
,CUST0007,241.34,United Kingdom,2026-04-18
,CUST0029,154.46,france,2025-11-03
ORD00316,CUST0045,335.55,United Kingdom,2025-12-28
ORD00317,CUST0033,346.69,wales ,2025-09-30
ORD00318,CUST0040,478.89,United Kingdom,2025-12-22
ORD00319,CUST0039,352.46,france,2025-12-25
ORD00320,CUST0014,378.6,UK ,2026-07-13
ORD00321,CUST0024,60.54, IRELAND,2025-11-16
ORD00322,CUST0035,167.42,United Kingdom,2025-11-30
ORD00323,CUST0046,50.02, spain,2025-12-05
ORD00324,CUST0009,231.12, spain,2026-07-25
ORD00325,CUST0020,200.99,Wales,2026-08-22
ORD00326,CUST0003,351.69,germany ,2025-11-19
ORD00327,CUST0005,147.11,Germany,2026-05-23
ORD00328,CUST0047,190.36,wales ,2026-02-09
ORD00329,CUST0025,342.95,Germany,2025-09-19
ORD00330,CUST0023,496.46,Ireland,2026-02-03
ORD00331,CUST0015,489.35,Ireland,2025-12-29
ORD00332,CUST0035,127.52,Germany,2026-02-27
ORD00333,CUST0047,405.69,Ireland,2026-01-21
ORD00334,CUST0002,38.31,United Kingdom,2025-10-23
ORD00335,CUST0046,371.57,Ireland,2026-01-30
ORD00336,CUST0049,254.43,Ireland,2026-03-28
ORD00337,CUST0037,300.97, France ,2025-09-13
ORD00338,CUST0010,209.71,Wales,2026-04-05
ORD00339,CUST0048,340.98,UK ,2025-11-12
ORD00340,CUST0042,393.97,wales ,2026-03-13
ORD00341,CUST0020,378.44,Germany,2025-12-24
ORD00342,CUST0046,457.8,united kingdom,2025-11-09
ORD00343,CUST0034,125.21,united kingdom,2026-05-11
ORD00344,CUST0029,270.14,France,2026-05-18
ORD00345,CUST0039,437.44,Spain,2026-05-19
ORD00346,CUST0043,242.3,Spain,2026-03-06
ORD00347,CUST0014,63.07,UK ,2025-12-21
ORD00348,CUST0046,457.99,united kingdom,2025-11-14
ORD00349,CUST0030,157.67, spain,2026-02-20
ORD00350,CUST0007,382.01,wales ,2026-03-13
,CUST0027,432.72, IRELAND,2026-06-10
ORD00352,CUST0038,151.12, spain,2026-05-15
ORD00353,CUST0016,132.38,germany ,2025-12-16
ORD00354,CUST0032,367.72,Germany,2026-02-24
ORD00355,CUST0032,495.21,UK ,2026-07-24
ORD00356,CUST0005,383.35,Wales,2026-01-24
ORD00357,CUST0005,9.53,Wales,2025-12-08
,CUST0041,331.35,wales ,2026-08-15
ORD00359,CUST0001,, IRELAND,2025-11-22
ORD00360,CUST0045,404.05,wales ,2026-05-24
ORD00361,CUST0010,311.79,United Kingdom,2026-04-16
ORD00362,CUST0026,479.85,ireland ,2025-12-31
ORD00363,CUST0015,414.89, France ,2026-07-13
ORD00364,CUST0049,205.61,Ireland,2026-02-11
ORD00365,CUST0001,45.93,Wales,2026-01-13
ORD00366,CUST0007,118.73,Spain,2025-09-03
ORD00367,CUST0003,463.16, IRELAND,2025-11-18
ORD00368,CUST0021,295.58,Ireland,2025-08-24
ORD00369,CUST0020,124.03,UK ,2026-02-05
ORD00370,CUST0025,396.3,Wales,2025-09-05
ORD00371,CUST0023,221.36,Ireland,2026-07-16
ORD00372,CUST0039,19.66,germany ,2026-04-06
ORD00373,CUST0015,470.87, France ,2026-01-14
ORD00374,CUST0025,151.21, IRELAND,2026-04-19
ORD00375,CUST0010,371.13,Germany,2026-03-14
ORD00376,CUST0020,381.87,germany ,2026-07-02
ORD00377,CUST0029,56.13, spain,2026-07-09
ORD00378,CUST0039,11.11,france,2026-01-24
ORD00379,CUST0036,262.95,UK ,2025-09-07
ORD00380,CUST0020,77.24,france,2026-05-30
ORD00381,CUST0031,129.59,ireland ,2026-04-19
,CUST0040,57.95,united kingdom,2026-03-21
ORD00383,CUST0040,222.91,germany ,2026-01-15
ORD00384,CUST0039,163.73,united kingdom,2025-09-02
ORD00385,CUST0026,368.76,france,2025-10-03
ORD00386,CUST0016,143.75,france,2026-02-03
ORD00387,CUST0013,342.45,Spain,2025-11-15
ORD00388,CUST0046,399.85,united kingdom,2025-09-03
ORD00389,CUST0027,73.89,wales ,2026-03-21
ORD00390,CUST0046,41.61,germany ,2025-10-21
ORD00391,CUST0033,274.1,wales ,2026-02-20
ORD00392,CUST0039,59.14,Wales,2026-04-18
ORD00393,CUST0042,283.79,Spain,2025-09-27
ORD00394,CUST0049,57.44,france,2026-07-04
ORD00395,CUST0034,225.66,Spain,2026-02-04
ORD00396,CUST0045,175.76,Spain,2026-08-11
ORD00397,CUST0006,75.13, IRELAND,2026-03-17
ORD00398,CUST0034,240.7,germany ,2026-01-11
ORD00399,CUST0005,406.04,France,2026-06-26
ORD00400,CUST0007,465.31,Wales,2026-04-21
ORD00401,CUST0022,479.44, spain,2026-04-27
ORD00402,CUST0012,200.81,wales ,2025-10-13
ORD00403,CUST0028,353.84,Germany,2026-05-10
ORD00404,CUST0005,400.75,Spain,2025-11-22
ORD00405,CUST0030,337.0,ireland ,2025-12-16
ORD00406,CUST0039,295.57,germany ,2026-02-26
ORD00407,CUST0012,459.75,wales ,2025-10-25
ORD00408,CUST0008,62.89,united kingdom,2026-02-13
ORD00409,CUST0027,289.53,Spain,2026-01-19
ORD00410,CUST0045,279.68,Wales,2025-12-16
ORD00411,CUST0029,433.43,Spain,2026-08-19
ORD00412,CUST0025,207.52, spain,2025-12-15
ORD00413,CUST0032,284.87,United Kingdom,2026-05-03
ORD00414,CUST0035,391.47,France,2025-11-07
ORD00415,CUST0036,288.49,Spain,2026-04-08
ORD00416,CUST0024,381.2,Spain,2026-01-10
ORD00417,CUST0007,152.37,Wales,2026-08-07
ORD00418,CUST0006,388.94,Germany,2026-04-24
ORD00419,CUST0045,307.08, France ,2026-01-16
ORD00420,CUST0014,287.19,United Kingdom,2025-11-24
ORD00421,CUST0021,148.22,wales ,2026-04-09
ORD00422,CUST0044,481.57,Ireland,2026-01-25
ORD00423,CUST0042,433.71,UK ,2026-04-18
ORD00424,CUST0016,247.28,wales ,2025-11-01
ORD00425,CUST0025,318.65,Germany,2026-07-07
ORD00426,CUST0045,475.38,france,2026-03-09
ORD00427,CUST0047,486.21, IRELAND,2025-10-02
ORD00428,CUST0005,112.83, spain,2026-01-16
ORD00429,CUST0021,275.92,france,2026-06-18
ORD00430,CUST0022,27.74,Wales,2025-10-07
ORD00431,CUST0008,230.98,united kingdom,2026-01-16
ORD00432,CUST0009,83.69,wales ,2026-04-05
ORD00433,CUST0006,452.38, France ,2026-05-31
ORD00434,CUST0047,,Wales,2026-07-08
ORD00435,CUST0031,,Ireland,2025-12-01
ORD00436,CUST0045,494.14,France,2026-01-19
ORD00437,CUST0015,366.73,Germany,2026-07-02
ORD00438,CUST0020,387.86,united kingdom,2026-06-16
ORD00439,CUST0005,307.11,Spain,2026-05-31
ORD00440,CUST0041,460.35,Wales,2025-10-12
ORD00441,CUST0006,377.46,Ireland,2025-10-26
ORD00442,CUST0028,127.65,France,2025-09-27
ORD00443,CUST0039,390.59,wales ,2025-09-04
ORD00444,CUST0020,305.43,UK ,2026-05-19
ORD00445,CUST0004,196.01,united kingdom,2026-04-22
ORD00446,CUST0034,467.29,ireland ,2026-06-17
ORD00447,CUST0027,343.06, France ,2025-12-25
ORD00448,CUST0002,11.83,Spain,2026-05-05
ORD00449,CUST0026,316.14, spain,2025-12-10
ORD00450,CUST0026,270.6, IRELAND,2025-10-12
ORD00451,CUST0006,487.29,Spain,2026-06-05
ORD00452,CUST0041,158.53,Wales,2026-01-12
ORD00453,CUST0004,462.69,United Kingdom,2026-06-25
ORD00454,CUST0020,,Wales,2025-08-26
ORD00455,CUST0032,261.03, France ,2026-04-13
ORD00456,CUST0050,443.78, France ,2026-08-08
ORD00457,CUST0034,357.6,ireland ,2025-11-01
ORD00458,CUST0033,252.31,France,2025-11-06
ORD00459,CUST0050,338.69, IRELAND,2026-06-25
ORD00460,CUST0003,27.76,Ireland,2026-02-18
ORD00461,CUST0003,116.14, spain,2026-04-18
ORD00462,CUST0018,189.54, IRELAND,2025-12-09
ORD00463,CUST0015,477.27,Spain,2026-07-19
,CUST0050,47.76,france,2026-01-02
ORD00465,CUST0037,313.25, France ,2025-12-29
ORD00466,CUST0050,450.72,UK ,2026-04-20
ORD00467,CUST0002,176.48,UK ,2025-09-02
ORD00468,CUST0001,425.26,wales ,2026-03-19
ORD00469,CUST0016,480.79,germany ,2026-06-12
ORD00470,CUST0015,351.92, spain,2026-02-14
ORD00471,CUST0038,71.09, IRELAND,2026-02-03
ORD00472,CUST0028,122.2,Wales,2026-04-12
ORD00473,CUST0026,162.44,wales ,2026-04-06
ORD00474,CUST0009,81.93,Spain,2026-05-31
ORD00475,CUST0008,482.49, spain,2026-05-09
ORD00476,CUST0008,404.76,Ireland,2026-03-21
ORD00477,CUST0003,78.42,united kingdom,2025-08-24
ORD00478,CUST0033,152.93, IRELAND,2026-05-26
ORD00479,CUST0029,51.89,Spain,2026-07-02
ORD00480,CUST0001,69.7,Ireland,2026-01-30
ORD00481,CUST0042,295.13, IRELAND,2026-07-16
ORD00482,CUST0042,50.53,Germany,2026-03-07
ORD00483,CUST0004,219.41,UK ,2026-02-02
ORD00484,CUST0028,111.28,united kingdom,2026-05-20
ORD00485,CUST0010,311.49, IRELAND,2026-04-20
ORD00486,CUST0036,48.42,Germany,2026-02-08
ORD00487,CUST0034,497.07,UK ,2025-11-18
ORD00488,CUST0046,274.54,france,2025-12-18
ORD00489,CUST0021,,germany ,2026-03-13
ORD00490,CUST0050,405.28,France,2025-12-25
ORD00491,CUST0015,127.69,United Kingdom,2026-04-22
ORD00492,CUST0048,289.97,Ireland,2026-02-06
ORD00493,CUST0012,298.3,United Kingdom,2025-08-31
ORD00494,CUST0046,474.04,wales ,2025-11-08
ORD00495,CUST0032,91.9, spain,2026-08-04
ORD00496,CUST0015,241.6, IRELAND,2026-03-07
ORD00497,CUST0009,92.84, France ,2026-03-11
ORD00498,CUST0046,424.01,United Kingdom,2026-02-18
ORD00499,CUST0043,171.6,Germany,2026-03-11
ORD00500,CUST0028,326.34,wales ,2026-05-26
